{"handType":0,"skeletonList":[{"Type":0,"NumBones":24,"NumBoneCapsules":19,"Bones_0":{"Id":0,"ParentBoneIndex":-1,"Pose":{"Orientation":{"x":0.0,"y":0.0,"z":0.0,"w":1.0},"Position":{"x":0.0,"y":0.0,"z":0.0}}},"Bones_1":{"Id":1,"ParentBoneIndex":0,"Pose":{"Orientation":{"x":0.0,"y":0.0,"z":0.0,"w":1.0},"Position":{"x":0.0,"y":0.0,"z":0.0}}},"Bones_2":{"Id":2,"ParentBoneIndex":0,"Pose":{"Orientation":{"x":0.37538692355155947,"y":0.4245840609073639,"z":-0.007778855971992016,"w":0.8238644003868103},"Position":{"x":0.0200693029910326,"y":0.01155409961938858,"z":-0.010496520437300206}}},"Bones_3":{"Id":3,"ParentBoneIndex":2,"Pose":{"Orientation":{"x":0.26023027300834658,"y":0.024330884218215944,"z":0.12567801773548127,"w":0.9570230841636658},"Position":{"x":0.024852560833096505,"y":-9.309999993156737e-10,"z":-1.8629999765096274e-9}}},"Bones_4":{"Id":4,"ParentBoneIndex":3,"Pose":{"Orientation":{"x":-0.08270376920700073,"y":-0.0769616961479187,"z":-0.08406223356723786,"w":0.9900356531143189},"Position":{"x":0.032512910664081576,"y":5.820000037459749e-10,"z":1.8629999765096274e-9}}},"Bones_5":{"Id":5,"ParentBoneIndex":4,"Pose":{"Orientation":{"x":0.08350592851638794,"y":0.06501573324203491,"z":-0.05827406048774719,"w":0.9926751852035523},"Position":{"x":0.033793095499277118,"y":3.2600000476890047e-9,"z":1.8629999765096274e-9}}},"Bones_6":{"Id":6,"ParentBoneIndex":0,"Pose":{"Orientation":{"x":0.030683090910315515,"y":-0.018855588510632516,"z":0.043281443417072299,"w":0.998413622379303},"Position":{"x":0.09599623829126358,"y":0.007316455245018005,"z":-0.02355067990720272}}},"Bones_7":{"Id":7,"ParentBoneIndex":6,"Pose":{"Orientation":{"x":-0.02585241012275219,"y":-0.007116060703992844,"z":0.0032929442822933199,"w":0.9996350407600403},"Position":{"x":0.037927303463220599,"y":-5.820000037459749e-10,"z":-5.970000049870805e-10}}},"Bones_8":{"Id":8,"ParentBoneIndex":7,"Pose":{"Orientation":{"x":-0.01605600118637085,"y":-0.027148718014359475,"z":-0.07203400135040283,"w":0.9969033598899841},"Position":{"x":0.024303648620843889,"y":-6.729999890708882e-10,"z":-6.750000003385992e-10}}},"Bones_9":{"Id":9,"ParentBoneIndex":0,"Pose":{"Orientation":{"x":-0.0090663256123662,"y":-0.051465585827827457,"z":0.05183574929833412,"w":0.997287392616272},"Position":{"x":0.09564661234617233,"y":0.0025431548710912468,"z":-0.0017259055748581887}}},"Bones_10":{"Id":10,"ParentBoneIndex":9,"Pose":{"Orientation":{"x":-0.011228233575820923,"y":-0.004378873854875565,"z":-0.0019782669842243196,"w":0.999925434589386},"Position":{"x":0.04292700067162514,"y":-8.50999992696444e-10,"z":-1.1930000320958812e-9}}},"Bones_11":{"Id":11,"ParentBoneIndex":10,"Pose":{"Orientation":{"x":-0.034319546073675159,"y":-0.004611838608980179,"z":-0.09300701320171356,"w":0.9950631260871887},"Position":{"x":0.02754957601428032,"y":3.089999922600839e-10,"z":1.128000026717757e-9}}},"Bones_12":{"Id":12,"ParentBoneIndex":0,"Pose":{"Orientation":{"x":-0.05315936356782913,"y":-0.12310340255498886,"z":0.049813490360975268,"w":0.9897162318229675},"Position":{"x":0.08869379758834839,"y":0.006529307924211025,"z":0.017465243116021158}}},"Bones_13":{"Id":13,"ParentBoneIndex":12,"Pose":{"Orientation":{"x":-0.03363252058625221,"y":-0.0027898401021957399,"z":0.005676019936800003,"w":0.9994142651557922},"Position":{"x":0.03899610415101051,"y":0.0,"z":5.240000100492637e-10}}},"Bones_14":{"Id":14,"ParentBoneIndex":13,"Pose":{"Orientation":{"x":-0.0034774616360664369,"y":0.02917945384979248,"z":-0.025028541684150697,"w":0.9992547631263733},"Position":{"x":0.026573391631245614,"y":1.2809999727636523e-9,"z":1.6300000238445023e-9}}},"Bones_15":{"Id":15,"ParentBoneIndex":0,"Pose":{"Orientation":{"x":-0.20703598856925965,"y":-0.1403428465127945,"z":0.018311800435185434,"w":0.9680416584014893},"Position":{"x":0.03407355770468712,"y":0.009419836103916169,"z":0.022998575121164323}}},"Bones_16":{"Id":16,"ParentBoneIndex":15,"Pose":{"Orientation":{"x":0.09111303836107254,"y":0.004071369767189026,"z":0.028129225596785547,"w":0.9954348802566528},"Position":{"x":0.04565054923295975,"y":9.976789669963183e-7,"z":-0.000002193962927776738}}},"Bones_17":{"Id":17,"ParentBoneIndex":16,"Pose":{"Orientation":{"x":-0.03761664777994156,"y":-0.04293771833181381,"z":-0.013286050409078598,"w":0.998280942440033},"Position":{"x":0.030720416456460954,"y":1.0480000200985274e-9,"z":-1.7500000060177712e-10}}},"Bones_18":{"Id":18,"ParentBoneIndex":17,"Pose":{"Orientation":{"x":0.0006447434425354004,"y":0.04917066544294357,"z":-0.024018827825784684,"w":0.9985013604164124},"Position":{"x":0.020311379805207254,"y":-2.9100000187298749e-10,"z":9.309999993156737e-10}}},"Bones_19":{"Id":19,"ParentBoneIndex":5,"Pose":{"Orientation":{"x":0.0,"y":0.0,"z":0.0,"w":1.0},"Position":{"x":0.024590766057372094,"y":-0.0010269738268107176,"z":0.0006703701219521463}}},"Bones_20":{"Id":20,"ParentBoneIndex":8,"Pose":{"Orientation":{"x":0.0,"y":0.0,"z":0.0,"w":1.0},"Position":{"x":0.02236337959766388,"y":-0.0010250703198835254,"z":0.00029560757684521377}}},"Bones_21":{"Id":21,"ParentBoneIndex":11,"Pose":{"Orientation":{"x":0.0,"y":0.0,"z":0.0,"w":1.0},"Position":{"x":0.024964921176433564,"y":-0.0011372988810762764,"z":0.000308652815874666}}},"Bones_22":{"Id":22,"ParentBoneIndex":14,"Pose":{"Orientation":{"x":0.0,"y":0.0,"z":0.0,"w":1.0},"Position":{"x":0.024326125159859659,"y":-0.0016081715002655984,"z":0.0002579049614723772}}},"Bones_23":{"Id":23,"ParentBoneIndex":18,"Pose":{"Orientation":{"x":0.0,"y":0.0,"z":0.0,"w":1.0},"Position":{"x":0.021922379732131959,"y":-0.001216085976921022,"z":-0.0002464796416461468}}},"Bones_24":{"Id":0,"ParentBoneIndex":0,"Pose":{"Orientation":{"x":0.0,"y":0.0,"z":0.0,"w":0.0},"Position":{"x":0.0,"y":0.0,"z":0.0}}},"Bones_25":{"Id":0,"ParentBoneIndex":0,"Pose":{"Orientation":{"x":0.0,"y":0.0,"z":0.0,"w":0.0},"Position":{"x":0.0,"y":0.0,"z":0.0}}},"Bones_26":{"Id":0,"ParentBoneIndex":0,"Pose":{"Orientation":{"x":0.0,"y":0.0,"z":0.0,"w":0.0},"Position":{"x":0.0,"y":0.0,"z":0.0}}},"Bones_27":{"Id":0,"ParentBoneIndex":0,"Pose":{"Orientation":{"x":0.0,"y":0.0,"z":0.0,"w":0.0},"Position":{"x":0.0,"y":0.0,"z":0.0}}},"Bones_28":{"Id":0,"ParentBoneIndex":0,"Pose":{"Orientation":{"x":0.0,"y":0.0,"z":0.0,"w":0.0},"Position":{"x":0.0,"y":0.0,"z":0.0}}},"Bones_29":{"Id":0,"ParentBoneIndex":0,"Pose":{"Orientation":{"x":0.0,"y":0.0,"z":0.0,"w":0.0},"Position":{"x":0.0,"y":0.0,"z":0.0}}},"Bones_30":{"Id":0,"ParentBoneIndex":0,"Pose":{"Orientation":{"x":0.0,"y":0.0,"z":0.0,"w":0.0},"Position":{"x":0.0,"y":0.0,"z":0.0}}},"Bones_31":{"Id":0,"ParentBoneIndex":0,"Pose":{"Orientation":{"x":0.0,"y":0.0,"z":0.0,"w":0.0},"Position":{"x":0.0,"y":0.0,"z":0.0}}},"Bones_32":{"Id":0,"ParentBoneIndex":0,"Pose":{"Orientation":{"x":0.0,"y":0.0,"z":0.0,"w":0.0},"Position":{"x":0.0,"y":0.0,"z":0.0}}},"Bones_33":{"Id":0,"ParentBoneIndex":0,"Pose":{"Orientation":{"x":0.0,"y":0.0,"z":0.0,"w":0.0},"Position":{"x":0.0,"y":0.0,"z":0.0}}},"Bones_34":{"Id":0,"ParentBoneIndex":0,"Pose":{"Orientation":{"x":0.0,"y":0.0,"z":0.0,"w":0.0},"Position":{"x":0.0,"y":0.0,"z":0.0}}},"Bones_35":{"Id":0,"ParentBoneIndex":0,"Pose":{"Orientation":{"x":0.0,"y":0.0,"z":0.0,"w":0.0},"Position":{"x":0.0,"y":0.0,"z":0.0}}},"Bones_36":{"Id":0,"ParentBoneIndex":0,"Pose":{"Orientation":{"x":0.0,"y":0.0,"z":0.0,"w":0.0},"Position":{"x":0.0,"y":0.0,"z":0.0}}},"Bones_37":{"Id":0,"ParentBoneIndex":0,"Pose":{"Orientation":{"x":0.0,"y":0.0,"z":0.0,"w":0.0},"Position":{"x":0.0,"y":0.0,"z":0.0}}},"Bones_38":{"Id":0,"ParentBoneIndex":0,"Pose":{"Orientation":{"x":0.0,"y":0.0,"z":0.0,"w":0.0},"Position":{"x":0.0,"y":0.0,"z":0.0}}},"Bones_39":{"Id":0,"ParentBoneIndex":0,"Pose":{"Orientation":{"x":0.0,"y":0.0,"z":0.0,"w":0.0},"Position":{"x":0.0,"y":0.0,"z":0.0}}},"Bones_40":{"Id":0,"ParentBoneIndex":0,"Pose":{"Orientation":{"x":0.0,"y":0.0,"z":0.0,"w":0.0},"Position":{"x":0.0,"y":0.0,"z":0.0}}},"Bones_41":{"Id":0,"ParentBoneIndex":0,"Pose":{"Orientation":{"x":0.0,"y":0.0,"z":0.0,"w":0.0},"Position":{"x":0.0,"y":0.0,"z":0.0}}},